Date,Conversation Count
2024-01-05,0
2024-01-06,0
2024-01-07,0
2024-01-08,1
2024-01-09,0
2024-01-10,0
2024-01-11,0
2024-01-12,0
2024-01-13,0
2024-01-14,0
2024-01-15,0
2024-01-16,0
2024-01-17,0
2024-01-18,0
2024-01-19,6
2024-01-20,0
2024-01-21,0
2024-01-22,15
2024-01-23,55
2024-01-24,61
2024-01-25,61
2024-01-26,43
2024-01-27,145
2024-01-28,84
2024-01-29,258
2024-01-30,325
2024-01-31,475
2024-02-01,304
2024-02-02,335
2024-02-03,120
2024-02-04,320
2024-02-05,177
2024-02-06,244
2024-02-07,199
2024-02-08,42
2024-02-09,6
2024-02-10,3
2024-02-11,12
2024-02-12,15
2024-02-13,9
2024-02-14,2
2024-02-15,4
2024-02-16,7
2024-02-17,9
2024-02-18,103
2024-02-19,84
2024-02-20,5
2024-02-21,7
2024-02-22,0
2024-02-23,0
2024-02-24,3
2024-02-25,15
2024-02-26,3
2024-02-27,1
2024-02-28,52
2024-02-29,3
